county,station,year,avg_year_temp,avg_year_dewpt,avg_year_vappr,avg_year_msl
Mayo,CLAREMORRIS,1990,9.647488585314353,7.301347042859179,10.639851603224942,1013.0298173738942
Mayo,BELMULLET,1990,10.483356175665238,7.444121011947048,10.71922374950152,1012.2969057266026
Cork,CORK AIRPORT,1990,10.133447490322943,7.5280251173191965,10.821232881175874,1015.264097957524
Dublin,CASEMENT,1990,9.961518273084982,6.849098179360945,10.319783113726743,1013.8611761850854
Kerry,VALENTIA OBSERVATORY,1990,11.302728320170857,8.362283108280504,11.396438360704135,1014.8692469139621
Cork,ROCHES POINT,1990,11.021678088178442,8.135239739360534,11.233287674705732,1015.2306963010466
Clare,SHANNON AIRPORT,1990,10.977762560053096,7.447990868842765,10.73586758298961,1014.5196805353035
Westmeath,MULLINGAR,1990,9.530376713870085,6.883984021854387,10.351506853947356,1013.504109616911
Donegal,MALIN HEAD,1990,10.101084478332163,6.8280593638882445,10.255650689585568,1011.119143607083
Dublin,DUBLIN AIRPORT,1990,10.467808228570407,6.8106735215909335,10.299840185168671,1013.6543037588738
Dublin,CASEMENT,1991,9.352431513044184,6.585022835894467,10.202431511307417,1015.587762625359
Mayo,BELMULLET,1991,10.194646124945757,7.4816780866110975,10.770764843949443,1014.1899770937009
Mayo,CLAREMORRIS,1991,9.309794523020075,7.166666679301184,10.589041101497058,1014.8836985897256
Cork,CORK AIRPORT,1991,9.6714954360435,7.194828771223999,10.612385844939375,1016.4544862372691
Cork,ROCHES POINT,1991,4.0,1.399999976158142,6.800000190734863,1012.0999755859375
Kerry,VALENTIA OBSERVATORY,1991,10.885639278190084,8.029942928416204,11.193150684931506,1015.9962674633009
Clare,SHANNON AIRPORT,1991,10.569863018487924,7.320319637317704,10.676004574505706,1015.7679221723722
Westmeath,MULLINGAR,1991,9.057374434345764,6.659606392905286,10.306753833598743,1014.7341280863166
Donegal,MALIN HEAD,1991,9.61480593822182,6.747226032225169,10.245445207863638,1013.7029682176842
Dublin,DUBLIN AIRPORT,1991,9.891723752237823,6.224200914635166,9.942888130934815,1015.5819747158381
Cork,CORK AIRPORT,1992,9.576434428984289,7.22282559587493,10.523941260652247,1016.1700589956481
Mayo,BELMULLET,1992,10.156352459789781,7.337033248296133,10.56404827874432,1013.4452525071108
Mayo,CLAREMORRIS,1992,9.136703094610018,7.035484985352573,10.393556472382258,1014.3081511478389
Dublin,CASEMENT,1992,9.417907562239167,6.612454466212148,10.111794174287489,1014.9471993924055
Kerry,VALENTIA OBSERVATORY,1992,10.819296458479057,8.07235884578315,11.105737709011102,1015.9146061534221
Clare,SHANNON AIRPORT,1992,10.459676685525046,7.234619769869959,10.507502278832138,1015.4038248809092
Westmeath,MULLINGAR,1992,8.975831060759377,6.730530809062297,10.18104540748023,1014.2798731513797
Donegal,MALIN HEAD,1992,9.644250912129547,6.613558743953983,10.055589711079833,1012.7201503899579
Dublin,DUBLIN AIRPORT,1992,10.024225872602036,6.293066941785248,9.883390260633007,1014.8555555638937
Cork,CORK AIRPORT,1993,9.452237444498563,7.068413247837426,10.407785385384408,1015.6356392777674
Mayo,CLAREMORRIS,1993,9.00529680294091,6.83343608520891,10.242237451087394,1014.3575683384726
Dublin,CASEMENT,1993,9.13180365412917,6.422317358728107,9.985730600710873,1014.9169750544579
Mayo,BELMULLET,1993,9.970856167479806,7.214942935604993,10.475262566570821,1013.7264610534389
Kerry,VALENTIA OBSERVATORY,1993,10.806027401428347,7.768789967364678,10.884372150244777,1015.4979340087333
Cork,ROCHES POINT,1993,4.5653966659764835,7.229586601257324,10.57877254486084,1013.255126953125
Clare,SHANNON AIRPORT,1993,10.23439497881012,7.036449775599011,10.369257991880042,1015.1927279677021
Westmeath,MULLINGAR,1993,8.735034247891782,6.694531246439711,10.166840641901373,1014.2986131223914
Donegal,MALIN HEAD,1993,9.370924663578572,6.359143838852848,9.897910958963987,1013.2318040124902
Dublin,DUBLIN AIRPORT,1993,9.782043389116145,6.208675799754419,9.845022836286727,1014.8955023499929
Cork,CORK AIRPORT,1994,9.719931507225416,7.616278539092778,10.779121001507049,1012.5616782340829
Mayo,BELMULLET,1994,10.106335621198733,7.235787675073838,10.492134712656883,1010.0993723412082
Mayo,CLAREMORRIS,1994,9.241780818135533,7.07926941913761,10.407020555429806,1010.9127856319898
Dublin,CASEMENT,1994,9.57205479457107,6.7620205557143915,10.212031964161625,1011.8549656349775
Clare,SHANNON AIRPORT,1994,10.578538815996962,7.49423516471126,10.677180370647614,1011.8868033700882
Kerry,VALENTIA OBSERVATORY,1994,10.985844759642227,8.127636999171653,11.111369869915862,1012.1494518610984
Cork,ROCHES POINT,1994,9.967045586842756,7.229586601257324,10.57877254486084,1013.255126953125
Donegal,MALIN HEAD,1994,9.640890408484223,6.553527402098728,10.06059361481231,1009.6921577140076
Westmeath,MULLINGAR,1994,9.07035388041832,6.814942928464854,10.236643838719147,1011.9868214507081
Dublin,DUBLIN AIRPORT,1994,9.520194067823866,6.981175801760122,10.388253427177803,1011.9645434932621
Cork,CORK AIRPORT,1995,10.422557085586636,8.012511418179766,11.253333329337917,1014.5644174723865
Mayo,BELMULLET,1995,10.638778544150156,7.869223749756677,11.145502288047581,1012.9948858252399
Mayo,CLAREMORRIS,1995,9.838493148982526,7.563573073957235,10.959360737887692,1013.5130480622593
Dublin,CASEMENT,1995,10.227522835386365,6.936815075219936,10.476118725783204,1014.0064382474717
Clare,SHANNON AIRPORT,1995,11.290308222140624,8.178127857578332,11.39636986544143,1014.1334242798966
Cork,ROCHES POINT,1995,8.27323215793665,6.377056583095359,10.05062504059648,1013.255126953125
Kerry,VALENTIA OBSERVATORY,1995,11.46291096437144,8.643984024182439,11.713139277506093,1014.2677169660456
Donegal,MALIN HEAD,1995,10.172968040617633,6.872522834674816,10.44859588935495,1012.427066283901
Westmeath,MULLINGAR,1995,9.742431510102906,7.121141562166041,10.611221463250242,1013.5770511365916
Dublin,DUBLIN AIRPORT,1995,9.977659817040816,7.602465753760784,10.90874429102902,1013.9181507128014
Cork,CORK AIRPORT,1996,9.357217671226655,6.885985885672135,10.384710842685838,1014.2464481902687
Mayo,CLAREMORRIS,1996,8.766803912283036,6.2281080372533975,9.428261212017796,1013.4671696614139
Dublin,CASEMENT,1996,9.228995908885508,6.0807490957271515,9.841655290001945,1014.070173204488
Mayo,BELMULLET,1996,9.866029146135885,6.967884793490823,10.423633888553836,1013.0610996100421
Cork,ROCHES POINT,1996,2.349551106345176,2.8564345692610282,7.841650422161675,1012.9227367281694
Clare,SHANNON AIRPORT,1996,10.366826046693337,6.763217215701083,10.311828330946316,1013.9731100044181
Kerry,VALENTIA OBSERVATORY,1996,10.448372049981522,7.20832194943992,10.614241804527238,1013.9900498450996
Donegal,MALIN HEAD,1996,9.594888434328057,6.259801918465156,9.959574229431716,1012.9805444116366
Westmeath,MULLINGAR,1996,8.835894813175857,6.043879413130763,9.832448800052015,1013.6457071842826
Dublin,DUBLIN AIRPORT,1996,9.003961751903347,7.090790079631766,10.490084242598172,1014.0987479899534
Mayo,KNOCK AIRPORT,1996,8.58980753719322,7.021902961576169,10.420168066063558,1012.8382736458368
Dublin,CASEMENT,1997,10.337328780223892,7.399497725475222,10.713493151860694,1013.9276826344668
Mayo,CLAREMORRIS,1997,10.023683616132459,7.614688795142647,9.45610739487213,1013.3051603967017
Mayo,BELMULLET,1997,10.924372148797868,8.496643845936003,11.48097032537199,1012.6565410596595
Cork,CORK AIRPORT,1997,10.51397260431047,8.253299088034456,11.337831051436734,1014.4504678525881
Cork,ROCHES POINT,1997,10.86074894340459,8.067121237066425,10.101120078137699,1014.3396781767213
Kerry,VALENTIA OBSERVATORY,1997,11.552522835047006,8.37043379828691,11.407796799728315,1013.977841827532
Clare,SHANNON AIRPORT,1997,11.493356163639865,8.156484024091432,11.250570781535753,1014.0197370973352
Westmeath,MULLINGAR,1997,10.00417808655173,7.521673424296149,10.801696069654264,1013.6917351709653
Donegal,MALIN HEAD,1997,10.508150689986845,7.504817356318065,10.747465760903816,1012.6201710949206
Dublin,DUBLIN AIRPORT,1997,10.049737442968643,7.760468040582762,10.969703194703142,1014.233835542583
Mayo,KNOCK AIRPORT,1997,9.038664383760155,7.208321919326233,10.53447488083687,1013.5077173172067
Donegal,FINNER,1997,12.753830335565823,10.338377066821854,10.57877254486084,1013.255126953125
Cork,CORK AIRPORT,1998,10.293584474440681,7.888767125179404,11.0025342453016,1014.1229231185565
Dublin,CASEMENT,1998,10.074360735772272,7.27563927525731,10.578367586304608,1012.8396689358367
Mayo,BELMULLET,1998,10.786780822544983,8.19275114944026,11.205285389183864,1011.8232648945291
Mayo,CLAREMORRIS,1998,9.759085718171937,7.516246632548741,10.530417842701503,1012.6264017159598
Cork,ROCHES POINT,1998,10.607306776739055,7.990183428236102,10.420875119025174,1014.0648195519542
Kerry,VALENTIA OBSERVATORY,1998,11.340125568141335,8.291461195389328,11.31124429517685,1014.0335842463523
Clare,SHANNON AIRPORT,1998,11.20719177872538,7.96385845216629,11.062271690940204,1013.4640641303912
Donegal,MALIN HEAD,1998,10.211712327190424,7.2750228324003485,10.555764849463554,1011.1233334545675
Westmeath,MULLINGAR,1998,9.751369867047728,7.13507991108414,10.475068496677974,1013.0417823826341
Mayo,KNOCK AIRPORT,1998,8.615547949605574,6.982545665420218,10.336541093647751,1012.6165182174612
Dublin,DUBLIN AIRPORT,1998,9.886221463839655,7.808356164572718,10.976995295095662,1012.986404126311
Donegal,FINNER,1998,11.41831909498085,8.667636364657803,10.57877254486084,1011.6186457918718
Cork,CORK AIRPORT,1999,10.2950456600245,7.759143839995951,10.97457762292531,1013.2099654663643
Mayo,BELMULLET,1999,10.782579913868071,8.129063934583607,11.173824200673735,1011.0639836071833
Mayo,CLAREMORRIS,1999,9.699292242260794,7.207130856596818,10.117021998150708,1011.6865101296063
Dublin,CASEMENT,1999,10.070022831890375,7.298230603702162,10.645833338885547,1012.0330824203143
Kerry,VALENTIA OBSERVATORY,1999,11.333904115188885,8.299566211525061,11.349166671108437,1013.3779224482845
Cork,ROCHES POINT,1999,10.598424302217119,8.299164943404701,11.212473620778214,1013.3353516307969
Clare,SHANNON AIRPORT,1999,11.146495430825542,7.9312557122861485,11.07074201390079,1012.4988926648005
Westmeath,MULLINGAR,1999,9.635034248260059,7.1039383573457595,10.515228315521048,1012.0222716797432
Donegal,MALIN HEAD,1999,10.203812791293139,7.177100461757142,10.521484025863751,1010.2577849645048
Dublin,DUBLIN AIRPORT,1999,9.8623287710493,7.149531964358946,10.501152971835985,1012.1406618579882
Donegal,FINNER,1999,10.159657639086038,7.11445869561274,10.57877254486084,1011.1330933254816
Mayo,KNOCK AIRPORT,1999,8.624280823992574,6.635844745350041,10.150445205163738,1011.6737786210291
Mayo,CLAREMORRIS,2000,9.28853598034403,6.797404373952702,10.274462521591907,1010.6913501551894
Dublin,CASEMENT,2000,9.703142084457822,7.060405288494696,10.458025961571487,1010.9945581363198
Mayo,BELMULLET,2000,10.39275956255399,7.952868859059701,11.032058293729316,1010.2184425868189
Cork,CORK AIRPORT,2000,9.7514458148043,7.0972905321986515,10.489947638930737,1012.1324002833966
Clare,SHANNON AIRPORT,2000,10.717566030440116,7.9211862501264205,11.08390255380958,1011.4838681108096
Cork,ROCHES POINT,2000,10.411983669450986,7.887875348051343,10.57877254486084,1012.0245223375853
Kerry,VALENTIA OBSERVATORY,2000,10.807422586944028,7.948406199354658,11.096971772407574,1012.4235882437729
Donegal,MALIN HEAD,2000,9.837568305448064,7.041609745699987,10.378711300198063,1009.5016734986574
Westmeath,MULLINGAR,2000,9.26270492611799,6.6956056499673915,10.207194906033454,1011.0209129347393
Mayo,KNOCK AIRPORT,2000,8.399157568177918,6.259494535996492,9.888137524570924,1010.533276396371
Dublin,DUBLIN AIRPORT,2000,9.406022315031471,6.454861108492721,10.022836978155407,1011.2130573460313
Donegal,FINNER,2000,9.843186862789757,7.120433421554691,10.57877254486084,1009.9685153627324
Mayo,CLAREMORRIS,2001,9.082591323278946,6.768408114225795,10.170812352117338,1013.7963611341503
Mayo,BELMULLET,2001,10.204885846462322,7.878139270018769,11.034897264715744,1013.3855707386313
Cork,CORK AIRPORT,2001,9.889121004791939,7.1312899542878885,10.546324202622452,1014.7712672542764
Dublin,CASEMENT,2001,9.625605025446069,6.87891553141704,10.408984022080626,1014.0747828374715
Clare,SHANNON AIRPORT,2001,10.637545667268915,7.818458909072731,11.046187217758126,1014.2663922801954
Cork,ROCHES POINT,2001,10.626938160713443,7.875092293079521,11.213622200582563,1014.5634242587228
Kerry,VALENTIA OBSERVATORY,2001,10.877682654416724,7.8902283088469956,11.111244296401603,1014.9445208127096
Donegal,MALIN HEAD,2001,9.771837899432471,6.9030251153825555,10.350057081163746,1012.8997489058264
Westmeath,MULLINGAR,2001,9.144417812653975,6.686837902452507,10.27287671819125,1014.1201141845146
Dublin,DUBLIN AIRPORT,2001,9.371392699526666,6.336837902992589,10.015764837259571,1014.1984132601245
Mayo,KNOCK AIRPORT,2001,8.36742009267245,6.1756621007420565,9.883949770176248,1013.8006162251512
Donegal,FINNER,2001,10.032929599499234,7.19373505262535,10.57877254486084,1013.7552959985833
Mayo,CLAREMORRIS,2002,9.605205486053984,7.226712331229387,10.50179767355527,1010.8643678360334
Cork,CORK AIRPORT,2002,10.03912100591633,7.515605027030422,10.715867583392418,1012.3041776195508
Dublin,CASEMENT,2002,10.205719179002628,7.592979456245321,10.778013706697177,1011.6110847438307
Mayo,BELMULLET,2002,10.515388122513958,8.262773976016568,11.208698630931714,1010.1380366146836
Clare,SHANNON AIRPORT,2002,10.923732876335377,8.191347033884291,11.196347034739578,1011.502774068754
Kerry,VALENTIA OBSERVATORY,2002,11.104257998631663,8.27390410673962,11.260742017994188,1012.2084703279957
Cork,ROCHES POINT,2002,10.8857439004403,8.357358363311599,11.288689995789406,1012.1087518917806
Westmeath,MULLINGAR,2002,9.689337906607141,7.102294522114779,10.437922377727892,1011.5094747604301
Donegal,MALIN HEAD,2002,10.165878998989145,7.53503424574251,10.698904116839579,1009.9976825940555
Dublin,DUBLIN AIRPORT,2002,9.985342468704909,6.991712330721454,10.340388136503359,1011.7689613307448
Mayo,KNOCK AIRPORT,2002,8.700924662620544,6.544668950563186,10.040456627819635,1010.8265291048511
Donegal,FINNER,2002,10.002427012172054,7.2138620737443455,10.57877254486084,1009.9762103867595
Dublin,CASEMENT,2003,10.226826484276824,7.286769412909571,10.674337894677027,1014.9742125071347
Mayo,CLAREMORRIS,2003,9.648059359876669,7.217180363837306,10.640654831253775,1014.2980823743289
Mayo,BELMULLET,2003,10.80529680176974,8.162123290733456,11.230673518627201,1013.533835542583
Cork,CORK AIRPORT,2003,10.03135844940005,7.4669178114736185,10.74878995772366,1015.4735840470823
Cork,ROCHES POINT,2003,10.976698922511277,8.275420411758724,11.386091633673447,1015.5007949333481
Clare,SHANNON AIRPORT,2003,11.101084472359792,8.13505707890833,11.253413248715335,1014.8444969908832
Kerry,VALENTIA OBSERVATORY,2003,11.414714613730368,8.102557078547367,11.240890417251412,1015.0683902339848
Carlow,OAK PARK,2003,9.989201797939101,7.159038242278405,10.5061001202223,1014.54035966749
Cork,MOORE PARK,2003,9.8565194678486,7.348284808015165,10.659050491647868,1014.989931360638
Westmeath,MULLINGAR,2003,9.620034248497523,6.80718036880419,10.342545667195429,1014.9343949618404
Donegal,MALIN HEAD,2003,10.35535388332813,7.36745434075543,10.665068499791568,1013.330959365357
Dublin,DUBLIN AIRPORT,2003,9.944121008675937,6.795353886414507,10.306974885670561,1015.1651940820424
Donegal,FINNER,2003,10.079444538137508,7.073936525079082,10.57877254486084,1013.7924044607084
Mayo,KNOCK AIRPORT,2003,8.835399549879712,6.6102968047776995,10.16649543773638,1014.3438586230692
Cavan,BALLYHAISE,2004,9.967761993408203,7.229586601257324,10.57877254486084,1013.255126953125
Dublin,CASEMENT,2004,10.036919394438453,7.417110664203411,10.739765485589187,1014.427003912587
Cork,CORK AIRPORT,2004,10.002607010505102,7.472165303650009,10.721732693454607,1015.6225864570215
Mayo,CLAREMORRIS,2004,9.624339709066886,7.227838070433797,10.53471980676842,1014.2234815587111
Mayo,BELMULLET,2004,10.762306466239771,8.295081970829836,11.274112024593874,1013.6075364270931
Kerry,VALENTIA OBSERVATORY,2004,11.202937163569487,8.01586976397752,11.114389804190191,1015.7140709784948
Clare,SHANNON AIRPORT,2004,10.688968581899845,7.189549182370333,10.459608383571732,1014.9889570976216
Cork,ROCHES POINT,2004,10.93458429996277,8.229584299281722,11.294943245040903,1015.556708799719
Cork,SherkinIsland,2004,12.468548074407575,9.863859446428043,12.435796925643126,1015.8896432469785
Westmeath,MULLINGAR,2004,9.537215393238474,6.827515938918943,10.31239754580409,1014.5019127823182
Galway,MACE HEAD,2004,11.727839826530866,8.889294467823799,11.685399068859935,1012.7724683362046
Donegal,MALIN HEAD,2004,10.307775502559645,7.683515486668775,10.832194907254861,1012.5208333541786
Mayo,NEWPORT,2004,9.967761993408203,7.229586601257324,10.57877254486084,1013.255126953125
Cork,MOORE PARK,2004,9.88886868290498,7.1314711320860305,10.489270636319898,1014.9850744584436
Carlow,OAK PARK,2004,9.864313954916632,6.871597940056417,10.336827634299388,1014.9121877187371
Wexford,JOHNSTOWNII,2004,9.967761993408203,7.229586601257324,10.57877254486084,1013.255126953125
Mayo,KNOCK AIRPORT,2004,8.753688529618119,6.640346087232055,10.128085155901797,1014.1843580444003
Donegal,FINNER,2004,10.224430024430692,7.413274245008375,10.57877254486084,1013.5464173722717
Dublin,DUBLIN AIRPORT,2004,9.903699908782142,6.812670765484501,10.283834244465567,1014.5612592506061
Mayo,BELMULLET,2005,10.902899546535116,8.590536532556154,11.508333335728405,1015.348972073211
Cavan,BALLYHAISE,2005,9.684322732111466,6.742554647731263,10.250570830586756,1015.2693736066229
Mayo,CLAREMORRIS,2005,9.906038821088023,7.535570778093008,10.823125434302849,1015.8802980187821
Cork,CORK AIRPORT,2005,10.115308218041953,7.6197374453232305,10.90485159956157,1017.0998519340062
Dublin,CASEMENT,2005,10.22600456434621,7.2457648439018145,10.615844752581696,1016.161746557227
Kerry,VALENTIA OBSERVATORY,2005,11.440673524512139,8.48312784903619,11.535981732361938,1016.9954909163523
Dublin,PHOENIX PARK,2005,10.758797321328393,6.691711662717724,10.134994461331317,1013.8966200633715
Cork,SherkinIsland,2005,11.328411958953494,8.536346634169488,11.5516644516492,1016.9569480512785
Cork,ROCHES POINT,2005,11.061851380893389,8.397341967801765,11.492610380275668,1017.0551023034709
Clare,SHANNON AIRPORT,2005,10.822260271117397,7.4302853939748585,10.743732882008706,1016.535559179576
Galway,MACE HEAD,2005,10.965782989800555,8.294371559120476,11.325459726760377,1015.4071638412128
Carlow,OAK PARK,2005,10.199355676597554,7.21752352749325,10.602373387661155,1016.4720308835103
Donegal,MALIN HEAD,2005,10.385239726460654,7.742134704758077,10.90101598653619,1014.5038585088024
Cork,MOORE PARK,2005,10.428852424647268,7.760971075253876,11.022941913452323,1016.7385084108674
Westmeath,MULLINGAR,2005,9.778995440066813,7.094486302773566,10.533367587442267,1016.2305592436769
Mayo,NEWPORT,2005,10.51690973964558,7.7139744733872755,10.883028974435101,1014.0717508951823
Wexford,JOHNSTOWNII,2005,10.500948612488058,7.678572590344641,10.95301230411007,1016.5176871661182
Donegal,FINNER,2005,10.379893213648216,7.579871066828633,10.57877254486084,1015.1532533338718
Mayo,KNOCK AIRPORT,2005,8.986826487666328,6.973287672645595,10.378710049036975,1015.8815983881145
Dublin,DUBLIN AIRPORT,2005,10.099109593385908,7.1536872144984125,10.555262555324868,1016.3954453281071
Cavan,BALLYHAISE,2006,9.65920664544683,6.438053117991474,10.110369662215051,1012.2457548944574
Cork,CORK AIRPORT,2006,10.249509136560777,7.731004569887026,11.008630136539947,1013.9825797094057
Mayo,BELMULLET,2006,10.928230594115579,8.337465757005699,11.384931508101285,1011.7597029733876
Dublin,CASEMENT,2006,10.426803653426978,6.9714497718237105,10.480182651297687,1013.2670088537208
Mayo,CLAREMORRIS,2006,9.872534253301957,7.2442579918766405,10.638878859205333,1012.5170480109786
Cork,ROCHES POINT,2006,11.092106482777227,8.393923615495225,11.511343631369096,1014.1257171418931
Dublin,PHOENIX PARK,2006,5.553935184598797,2.2363888871545594,7.395740745023445,1014.9915271900318
Cork,SherkinIsland,2006,11.34124542201729,8.782816597114245,11.753294569063405,1013.8064381499269
Kerry,VALENTIA OBSERVATORY,2006,11.43055936535863,8.169954336039961,11.3141438386756,1013.67848167942
Clare,SHANNON AIRPORT,2006,10.879497723646258,7.5101712359038935,10.833413248764325,1013.3100115353658
Mayo,NEWPORT,2006,10.53419468344942,7.656873768531466,10.900354206453175,1012.1920624754745
Westmeath,MULLINGAR,2006,9.824041093520174,6.924817353481061,10.440970323020466,1013.1462046793063
Donegal,MALIN HEAD,2006,10.469075342469326,7.461267127776221,10.759703203042347,1011.3297599478943
Roscommon,MT DILLON,2006,6.0571063394131865,4.888306699006454,8.833042621612549,1019.8840321416441
Cork,MOORE PARK,2006,10.504580466945116,7.762243064299022,11.085260232507366,1013.7454889793919
Galway,MACE HEAD,2006,10.947545659062389,8.15904110067069,11.262431510425595,1012.115832860938
Carlow,OAK PARK,2006,10.205637453812,6.867569500882365,10.408821322438923,1013.5833226452135
Wexford,JOHNSTOWNII,2006,10.782256298635547,7.855760046299632,11.100203697920934,1013.7619678445059
Mayo,KNOCK AIRPORT,2006,8.97158676646905,6.57297945417821,10.163116441660275,1012.5388812409144
Meath,DUNSANY,2006,7.3818181644786485,4.590909134257924,8.545454545454545,1001.6045476740056
Donegal,FINNER,2006,10.559499181517111,7.477999802834737,10.57877254486084,1011.8080527643974
Dublin,DUBLIN AIRPORT,2006,10.23453196374759,7.123801372309968,10.552089045962243,1013.5521116770566
Dublin,CASEMENT,2007,10.296746579877453,7.198995439237894,10.518561649649111,1015.4433786052547
Mayo,BELMULLET,2007,11.29062785441864,9.066415527403423,11.862157540397558,1014.5131051956247
Mayo,CLAREMORRIS,2007,10.177134708946221,7.535182652217612,10.744744018005997,1015.0766914541863
Cavan,BALLYHAISE,2007,9.844969809877783,7.135748763964193,10.467597896078406,1014.4441447776202
Cork,CORK AIRPORT,2007,10.500981735970536,8.231324201590088,11.242919949418333,1016.5538584251926
Dublin,PHOENIX PARK,2007,10.201422390289066,7.231784715686991,10.52405648561358,1015.7108843494901
Cork,SherkinIsland,2007,11.616221459524612,9.01179223748596,11.77353881537642,1016.509052537892
Kerry,VALENTIA OBSERVATORY,2007,11.796643837388247,8.466506849375627,11.435490878314187,1016.6390640189114
Clare,SHANNON AIRPORT,2007,11.147397264740409,7.831278536291835,10.93405251342412,1015.9652966364333
Cork,ROCHES POINT,2007,11.35340140753278,8.964139043300184,11.801907291567707,1016.5617252799285
Sligo,MARKREE,2007,12.3191678308088,10.26790911689533,12.800167849678253,1020.793799337099
Galway,MACE HEAD,2007,11.247550332765307,8.898004299416877,11.733826012830392,1014.7045091715726
Donegal,MALIN HEAD,2007,10.646917810631262,7.651586754257752,10.779748866166154,1013.5967579253733
Carlow,OAK PARK,2007,10.430388129632664,7.593036533629343,10.812066214950118,1015.8476824825757
Cork,MOORE PARK,2007,10.651849321957219,7.722841184127855,11.015780404332565,1016.2465180836856
Westmeath,MULLINGAR,2007,9.904783108877231,7.226312789809996,10.533573062452552,1015.4228312244154
Mayo,NEWPORT,2007,10.935875602615104,8.106164195692193,11.122984769300784,1014.5578069399481
Roscommon,MT DILLON,2007,10.234207613225955,8.181427034738535,11.295642134330281,1019.0523905553124
Wexford,JOHNSTOWNII,2007,10.852549717818562,8.23213004683778,11.255954061904454,1015.9348802610075
Mayo,KNOCK AIRPORT,2007,9.31073059772979,6.9273972600911105,10.2975913245384,1015.116290325008
Tipperary,GURTEEN,2007,9.967761993408203,7.229586601257324,10.57877254486084,1013.255126953125
Meath,DUNSANY,2007,12.730232270303787,10.425336604099176,12.907414653496435,1021.1818259612859
Dublin,DUBLIN AIRPORT,2007,10.211986303011372,7.3049429234712635,10.581598174136523,1015.4217465753425
Donegal,FINNER,2007,10.821103305201074,7.953218512030188,10.57877254486084,1014.7994321116721
Mayo,CLAREMORRIS,2008,9.508902553772598,6.825102462016813,10.287647305399124,1012.0146932063424
Cavan,BALLYHAISE,2008,9.100679393498929,6.41447285934689,10.016687024432237,1011.2960104673069
Mayo,BELMULLET,2008,10.57836975949394,8.266359294436445,11.26748634454114,1011.3343009531824
Cork,CORK AIRPORT,2008,9.633913939009558,7.58524589878227,10.831443529311425,1013.538945710507
Dublin,CASEMENT,2008,9.537067398221957,6.458652094935316,10.0705828785842,1012.333059870263
Cork,ROCHES POINT,2008,10.509569887434177,7.956345952841572,11.04697921899111,1013.4703524158315
Cork,SherkinIsland,2008,10.93397338832737,8.346675922989824,11.339547564911712,1013.5822550247276
Clare,SHANNON AIRPORT,2008,10.485268671722924,7.870651183515882,11.049020944858727,1012.8549860622496
Dublin,PHOENIX PARK,2008,9.782490893647937,6.6801229531686745,10.222939440651452,1012.4232696157987
Kerry,VALENTIA OBSERVATORY,2008,11.168454011830965,7.8612818776507725,11.062386159878393,1013.5984514371945
Carlow,OAK PARK,2008,9.640949457050056,6.878677143588092,10.344193994238946,1012.9157221504031
Cork,MOORE PARK,2008,9.986054193990165,7.150486971607062,10.541356174427955,1013.1840504922502
Donegal,MALIN HEAD,2008,10.052140260926144,7.016234057868927,10.385018220093299,1010.4621472245791
Westmeath,MULLINGAR,2008,9.18352686557817,6.54455828975686,10.117645725689298,1012.1758313760948
Galway,MACE HEAD,2008,10.696664393004133,7.788160290592817,10.925512301194429,1011.7223130384212
Mayo,NEWPORT,2008,10.196479014561211,7.249878822014122,10.539612596423682,1011.4780656644339
Sligo,MARKREE,2008,10.040969300858402,7.138494628689876,10.506854735031707,1011.5741491328104
Roscommon,MT DILLON,2008,10.53182767306411,8.275666893677709,11.350964836906968,1012.8907301830269
Mayo,KNOCK AIRPORT,2008,8.555680791783793,6.380487253020037,9.965391621102183,1011.9534609504519
Wexford,JOHNSTOWNII,2008,10.087857331701457,7.6923563351892,10.941494130317414,1012.9236516552979
Meath,DUNSANY,2008,9.843736369343054,7.494900917550249,10.796167954642286,1012.2114047717023
Dublin,DUBLIN AIRPORT,2008,9.488331056914152,6.595787799801807,10.134744993514484,1012.2796562139237
Tipperary,GURTEEN,2008,9.802868307776942,7.249617213051626,10.595168931853204,1013.3076604585799
Donegal,FINNER,2008,10.046391522419501,7.499110995235464,10.57877254486084,1011.1023864957191
Dublin,CASEMENT,2009,9.68450913602852,7.10275114415273,10.522500004996992,1011.3186418089148
Cavan,BALLYHAISE,2009,9.185764846574838,6.40381279105159,10.036415526801592,1010.3917919280866
Mayo,CLAREMORRIS,2009,9.415182649158792,6.987739727884259,10.439611493180331,1010.6535678950619
Cork,CORK AIRPORT,2009,9.417191780311773,7.337751145278992,10.659372152041083,1012.135227757284
Mayo,BELMULLET,2009,10.55143836017562,8.238207769905936,11.259794525087695,1009.8374883852049
Carlow,OAK PARK,2009,9.661439107335491,7.278479171742485,10.699528838673682,1011.8745695976362
Dublin,PHOENIX PARK,2009,9.929303654114882,6.7423515999834285,10.260205484661338,1011.4769294425233
Cork,SherkinIsland,2009,10.807031967301246,8.534805939502197,11.486894974969838,1012.1018953088212
Kerry,VALENTIA OBSERVATORY,2009,11.04090183595255,7.853093609762416,11.021952061756561,1011.9095205089272
Clare,SHANNON AIRPORT,2009,10.45883561860787,7.651461191693126,10.889178081843406,1011.3924204926512
Cork,ROCHES POINT,2009,10.38692922570815,8.084052510005018,11.208344742642145,1011.9688018798828
Mayo,NEWPORT,2009,10.069394977293806,7.316712331255583,10.627408683000635,1010.0278765883075
Westmeath,MULLINGAR,2009,9.191015981770542,6.904429225463709,10.398652969157858,1011.0209589709974
Galway,MACE HEAD,2009,10.672089048733586,8.135605023894884,11.192020547716584,1010.1840184111574
Donegal,MALIN HEAD,2009,10.098801367717995,7.292853880807179,10.580000005982237,1009.441004128652
Roscommon,MT DILLON,2009,9.239233360775495,6.6998029007572155,10.259082240546675,1010.5454022063512
Cork,MOORE PARK,2009,9.815593605878929,7.207385846843186,10.591689504853122,1011.8531162070357
Sligo,MARKREE,2009,9.215730600653547,6.604268123877137,10.187207346011515,1010.1552585201176
Wexford,JOHNSTOWNII,2009,10.105178972360036,7.405313692677375,10.725935378330483,1012.0040095777816
Meath,DUNSANY,2009,9.31252283172078,6.716609590062574,10.23694063901357,1011.1236757531013
Dublin,DUBLIN AIRPORT,2009,9.57727168839612,7.015719180498017,10.440776264368127,1011.2434130803636
Donegal,FINNER,2009,10.083162607611749,7.464317431331495,10.57877254486084,1010.0647238270211
Mayo,KNOCK AIRPORT,2009,8.497408676168725,6.508401824776338,10.068538803107119,1010.6054108780813
Tipperary,GURTEEN,2009,9.440696350341348,6.84523972349505,10.337089044753819,1011.3136646427521
Dublin,CASEMENT,2010,8.632465748530578,5.942819633535598,9.931997718019028,1013.6872144167826
Mayo,CLAREMORRIS,2010,8.326461190669946,5.794805938841511,9.807397258907693,1013.499522971236
Mayo,BELMULLET,2010,9.545228317447993,7.289874434190458,10.71776256471464,1013.2308790511737
Cavan,BALLYHAISE,2010,7.997058852722859,5.058511323651903,9.371159542695572,1013.1063484296407
Dublin,PHOENIX PARK,2010,8.880007731069101,6.05250337376221,10.021196205512574,1013.748442600198
Carlow,OAK PARK,2010,8.619394978770314,5.930239725473537,9.970627857697064,1014.0396004106356
Cork,SherkinIsland,2010,10.045136989096868,7.827831050817383,11.202168950452108,1014.09401857559
Clare,SHANNON AIRPORT,2010,9.272728312207752,6.486952056952638,10.292089047606133,1013.8334702304509
Kerry,VALENTIA OBSERVATORY,2010,10.187328769139878,6.988961191302735,10.611929233515099,1014.1644180297851
Cork,ROCHES POINT,2010,9.667114129440527,7.0845813442174705,10.632285156124803,1013.920695516508
Mayo,NEWPORT,2010,9.184748857471769,6.298131232595573,10.044906254282825,1013.164823161086
Cork,MOORE PARK,2010,8.8637262721125,5.881842090266854,9.913724910505286,1013.9140980690037
Galway,MACE HEAD,2010,9.681164387355826,6.967226025781947,10.54432648942895,1013.1265641373586
Donegal,MALIN HEAD,2010,9.240162816369846,6.148060512771515,9.918400751972852,1012.8480393710201
Roscommon,MT DILLON,2010,8.07317869571297,5.645211763047192,9.743817955895102,1013.3845843241095
Westmeath,MULLINGAR,2010,8.143934682533825,5.463553606723882,9.639141419244138,1013.59405888945
Sligo,MARKREE,2010,7.851929230192787,5.2923778082690625,9.549415386825391,1013.1934718650226
Dublin,DUBLIN AIRPORT,2010,8.450753426062768,5.845650682546471,9.832146122738651,1013.669988337826
Meath,DUNSANY,2010,8.170506336121527,5.281479353453436,9.525543101846356,1013.5291243670738
Cork,CORK AIRPORT,2010,8.76694064108,6.285365300814378,10.1413013687689,1014.1067469209296
Mayo,KNOCK AIRPORT,2010,7.704166672177204,5.424520549150906,9.494531968630612,1013.5688127700597
Donegal,FINNER,2010,9.902314761906378,7.026487351542697,10.57877254486084,1012.9064155067043
Tipperary,GURTEEN,2010,8.312157910141975,5.747441639994445,9.79232150303991,1013.8168448879294
Wexford,JOHNSTOWNII,2010,9.162672218490716,6.511651296818365,10.255626521235731,1013.9160888253826
Mayo,CLAREMORRIS,2011,9.677454341214881,7.259851602926748,10.544337904507712,1012.6617688392396
Mayo,BELMULLET,2011,10.59041095822029,8.31563927512871,11.248527403019335,1011.8889951592711
Galway,ATHENRY,2011,11.657452201212386,8.914696960228412,11.733917909262592,1012.5988910847489
Cavan,BALLYHAISE,2011,9.555102741924118,6.7762362560325355,10.223947352660845,1012.281952050614
Dublin,CASEMENT,2011,10.154109588134439,7.212043382387319,10.5098401843685,1013.5584587968103
Kerry,VALENTIA OBSERVATORY,2011,11.02836757801031,7.848538816296687,10.965879002009352,1014.5222832945384
Dublin,PHOENIX PARK,2011,10.40966895026023,7.203618723521494,10.51626712796895,1013.5704106718438
Clare,SHANNON AIRPORT,2011,10.598881281527891,7.857659821061749,10.964109593058286,1013.7690297723361
Cork,ROCHES POINT,2011,10.580783996282817,7.898157441482526,10.978602466681233,1014.5582715038839
Cork,SherkinIsland,2011,10.867888133232078,8.676815068259087,11.504463471016383,1014.7884091660312
Carlow,OAK PARK,2011,10.129303650735753,7.604691784824649,10.82070776784801,1014.1204223493463
Cork,MOORE PARK,2011,10.084178083551597,7.62006045499706,10.836435937609302,1014.339383694026
Westmeath,MULLINGAR,2011,9.495981734667025,7.116498815880655,10.468365163618026,1013.1887443437968
Sligo,MARKREE,2011,9.49574201077427,6.98714612128902,10.369200915152623,1012.1049315500477
Galway,MACE HEAD,2011,10.631084476823846,7.687077624168774,10.796586761844758,1012.4200796676008
Roscommon,MT DILLON,2011,9.635456620421278,7.285410961880429,10.584623296810612,1012.6611645075828
Mayo,NEWPORT,2011,10.155361619237045,7.131694974894869,10.410478754212322,1011.8930709281468
Donegal,MALIN HEAD,2011,10.086426942505486,7.3270091335812255,10.54267123436819,1010.9941211369484
Meath,DUNSANY,2011,9.665821922501575,7.168698634507483,10.519018269918824,1013.2538356275863
Wexford,JOHNSTOWNII,2011,10.372708388129633,7.835256911337069,10.967027999276985,1014.5816314836616
Tipperary,GURTEEN,2011,9.718984397944727,7.060367393613576,10.422878431620664,1013.5951622740863
Mayo,KNOCK AIRPORT,2011,8.722659823936347,6.881347034299177,10.253732875465802,1012.6221458539571
Cork,CORK AIRPORT,2011,9.819977174154971,7.931141554087945,11.035810497307887,1014.6503654584493
Dublin,DUBLIN AIRPORT,2011,10.02615296826464,7.149589042654728,10.470011414431001,1013.5109242826836
Donegal,FINNER,2011,10.323509977553378,7.424472086825191,10.754706833946287,1011.5692630228285
Mayo,CLAREMORRIS,2012,9.40398931462752,7.269034142036819,10.565378838495262,1013.0807713159446
Mayo,BELMULLET,2012,10.46063296958967,8.080555560945182,11.094694902608087,1012.7202757399373
Cavan,BALLYHAISE,2012,9.128719006937322,6.806544584223834,10.261391527774338,1012.668107190853
Dublin,CASEMENT,2012,9.516974050828166,7.022677595846742,10.40376821773734,1013.5082531913382
Galway,ATHENRY,2012,9.659429506174813,7.320085014819671,10.62334383907431,1013.2554807124459
Cork,ROCHES POINT,2012,10.46704639195853,7.854816383321706,10.974231723064934,1014.2000351438539
Kerry,VALENTIA OBSERVATORY,2012,11.115097490653055,8.150160990889551,11.19974527106013,1014.2339487198503
Dublin,PHOENIX PARK,2012,9.785325594268441,6.526500853744652,10.075734396097005,1013.5724627802281
Carlow,OAK PARK,2012,9.7043829722464,6.960746819380746,10.370093354599073,1013.9668712789678
Clare,SHANNON AIRPORT,2012,10.5085496379831,7.855908475529558,10.986316032639836,1013.8449225086983
Cork,SherkinIsland,2012,11.019752197564735,8.36645582510508,11.319751127821501,1014.4104260651358
Cork,MOORE PARK,2012,9.938437564373151,7.503971858699051,10.731720896366516,1014.1355774537244
Sligo,MARKREE,2012,9.273440346892802,6.783353544331456,10.232169015540016,1012.7808515830118
Galway,MACE HEAD,2012,10.621106566148784,7.633185342454668,10.768567855566577,1012.9050657275814
Donegal,MALIN HEAD,2012,9.759491616955879,6.996473286116839,10.320737049336424,1011.948131213857
Westmeath,MULLINGAR,2012,9.153855621472903,6.6168382456365,10.145383821267682,1013.3536553999548
Mayo,NEWPORT,2012,10.019068766895085,7.250938504773153,10.528470127037531,1012.739866274085
Roscommon,MT DILLON,2012,9.291131604724956,6.908861188554733,10.341897792449197,1013.014868439221
Wexford,JOHNSTOWNII,2012,9.880955135751726,7.2867287617992735,10.58685867187104,1014.0450482811433
Cork,CORK AIRPORT,2012,9.633959472338875,7.741598362255781,10.907909691279485,1014.3948883723691
Meath,DUNSANY,2012,9.064644302593507,6.592933094000888,10.125170013319382,1013.2291021920292
Mayo,KNOCK AIRPORT,2012,8.499806474230144,6.579952188193262,10.066769122045983,1013.2808634301135
Tipperary,GURTEEN,2012,9.464986959477388,6.874963631363202,10.306274113487893,1013.6288145374514
Dublin,DUBLIN AIRPORT,2012,9.40589708518593,6.817349729908525,10.26177140750086,1013.4694903361559
Donegal,FINNER,2012,9.837146038175959,7.306135892050378,10.579753389449719,1012.3984826371101
Cavan,BALLYHAISE,2013,9.19965753596123,6.478253429188269,10.21788812772324,1012.7082304166332
Dublin,CASEMENT,2013,9.623299088264437,7.2557191795444105,10.76434931820386,1013.6458335144879
Mayo,BELMULLET,2013,10.268858453627999,7.509229220727195,10.899143142324604,1012.1569659089389
Mayo,CLAREMORRIS,2013,9.41867617970273,7.137215425488305,10.680245593421535,1012.8823022154368
Galway,ATHENRY,2013,9.718630514909687,7.145807932684683,10.642850762850617,1013.213534943045
Kerry,VALENTIA OBSERVATORY,2013,11.035430115814316,7.982620911536627,11.275771405626106,1013.9393440629793
Dublin,PHOENIX PARK,2013,9.90032774491074,6.623244105682594,10.358860177046632,1013.7237920682725
Cork,ROCHES POINT,2013,10.506914131844322,7.677604837604207,11.017467484817113,1014.1689560424247
Cork,SherkinIsland,2013,10.94310502606661,8.68611872345124,11.77211188265722,1014.2142806658462
Carlow,OAK PARK,2013,9.911986303256322,6.637979459580562,10.335102748353732,1014.0279479074696
Clare,SHANNON AIRPORT,2013,10.535251139551741,7.545901830349815,10.970525116408796,1013.820239641024
Roscommon,MT DILLON,2013,9.30418582389463,6.480977886295176,10.214635728782715,1013.0090132064471
Mayo,NEWPORT,2013,10.067168953666915,7.238575966082105,10.724630890861494,1012.4132141740355
Sligo,MARKREE,2013,9.231232884518597,6.382688122054724,10.163766428705765,1012.696833836107
Donegal,MALIN HEAD,2013,9.652850202958367,6.385106115386774,10.081595755249397,1011.880748564141
Cork,MOORE PARK,2013,9.987420095222658,7.244383564177203,10.754600461160756,1014.1068147981548
Westmeath,MULLINGAR,2013,9.201545905292068,6.568017896024093,10.29367924430599,1013.4009521623725
Galway,MACE HEAD,2013,10.574124008064162,7.82811036408713,11.121714700683611,1012.6435733185511
Wexford,JOHNSTOWNII,2013,10.002230083085086,7.248069492773446,10.743463052353357,1014.1914966252297
Mayo,KNOCK AIRPORT,2013,8.452990871368478,6.3539954344210425,10.097157536657978,1013.1282764452233
Tipperary,GURTEEN,2013,9.490251145924368,6.3401027385392075,10.115194063970488,1013.5926942868864
Dublin,DUBLIN AIRPORT,2013,9.51619863058419,6.333082196058612,10.07902967973387,1013.6573740432251
Cork,CORK AIRPORT,2013,9.76805935691804,7.5046004536957165,10.92398401678425,1014.3352510077768
Meath,DUNSANY,2013,9.20665088722814,6.3879289980756635,10.141368087187205,1013.399028147519
Donegal,FINNER,2013,9.867891715562235,7.065919330173499,10.624862080649153,1012.3555836995442
Dublin,CASEMENT,2014,10.17229451979234,7.372728314176712,10.635684936449408,1009.9184128225667
Cavan,BALLYHAISE,2014,9.785310474195471,7.534809654148202,10.745584242311242,1008.8784236263467
Galway,ATHENRY,2014,10.11567351491654,7.499748860422063,10.749360736320009,1009.4354224078731
Mayo,CLAREMORRIS,2014,9.830650684618515,7.734109591070103,10.903938359974726,1009.092944747019
Mayo,BELMULLET,2014,10.75715754087334,7.832237446976647,10.92848174305267,1008.3328196695406
Cork,ROCHES POINT,2014,11.130932393234614,8.38434128231926,11.360168814550251,1010.6658511296799
Carlow,OAK PARK,2014,10.357922379599382,7.570730592479682,10.771894976210922,1010.4008561783186
Clare,SHANNON AIRPORT,2014,10.904531964813636,7.640273978396161,10.7961187268501,1010.1607760773402
Cork,SherkinIsland,2014,11.546058346378748,9.136954152336573,11.918038258051764,1010.7174566538911
Kerry,VALENTIA OBSERVATORY,2014,11.434863021534328,8.073812790196303,11.11263699215841,1010.3008447237755
Dublin,PHOENIX PARK,2014,10.477968041283253,7.296986303162935,10.559452065975155,1010.0010385661365
Cork,MOORE PARK,2014,10.39071918316866,7.987945208433148,11.097785394322383,1010.5255822168638
Westmeath,MULLINGAR,2014,9.6855405902456,7.3106688579672,10.588100181132146,1009.6597727318333
Donegal,MALIN HEAD,2014,10.3139954404191,7.338264840578482,10.57035388549169,1007.9793378368361
Galway,MACE HEAD,2014,11.083652971409363,8.404828770247768,11.35489726594594,1008.8267119803929
Roscommon,MT DILLON,2014,9.825401798236825,7.396143988437406,10.671946836416035,1009.2050958154408
Sligo,MARKREE,2014,9.68781963651362,7.096038813672994,10.421678086965596,1008.8882876600849
Mayo,NEWPORT,2014,10.476232881796415,7.955176706632523,11.044542688049683,1008.6334094530915
Wexford,JOHNSTOWNII,2014,10.609383570058398,7.846495432979066,10.974771690096485,1010.6594407869801
Mayo,KNOCK AIRPORT,2014,8.958561646388887,7.0209018255741285,10.366015990466288,1009.2357648596916
Donegal,FINNER,2014,10.334600458733874,7.485182650270765,10.685810505255173,1008.369691941074
Cork,CORK AIRPORT,2014,10.233732878090176,8.03170091628382,11.121392700824563,1010.8020547387807
Meath,DUNSANY,2014,9.806780820302496,7.157968038015204,10.479406396547953,1009.737933488959
Tipperary,GURTEEN,2014,10.008938734908694,7.1350101335441956,10.48153383024207,1009.8029414834497
Dublin,DUBLIN AIRPORT,2014,10.085936069864456,7.222853882546159,10.5189041145316,1009.9448515870256
Mayo,BELMULLET,2015,10.037899540096827,6.704691783473168,10.137888131783978,1012.7292807034706
Galway,ATHENRY,2015,9.444121009647233,6.6720091360982625,10.126929227946556,1014.0497361622989
Cavan,BALLYHAISE,2015,9.054799328182217,6.2346244426733355,9.84471353526529,1013.4181213657606
Mayo,CLAREMORRIS,2015,9.068242009553089,6.459109590968891,9.977614157439367,1013.6890521463193
Dublin,CASEMENT,2015,9.622671237261327,6.498219182167083,10.02345891175749,1014.621998143305
Carlow,OAK PARK,2015,9.845319636276663,6.777157538430978,10.218310504498547,1015.2142466505912
Cork,ROCHES POINT,2015,10.619612995939985,7.894611401257177,11.010706360155044,1015.6526932877492
Clare,SHANNON AIRPORT,2015,10.359063932468867,7.121826485482355,10.439509135675213,1014.966963342118
Kerry,VALENTIA OBSERVATORY,2015,10.956004567821957,7.5244863028897475,10.71754566594346,1015.3317583476028
Cork,SherkinIsland,2015,11.015388129028963,8.256917812784105,11.22565068877451,1015.7910384992487
Dublin,PHOENIX PARK,2015,9.911563927939664,6.130159817640266,9.769531966943175,1014.6937331595922
Donegal,MALIN HEAD,2015,9.513573061723314,6.463321919888088,9.942979451074992,1011.9916210784215
Westmeath,MULLINGAR,2015,9.037173756433132,6.18212748314658,9.812731762482152,1014.3070365452875
Galway,MACE HEAD,2015,10.404486305224943,7.079063928275279,10.381164388134055,1013.4403883703224
Sligo,MARKREE,2015,8.951757993498928,6.134634706596567,9.775422379524196,1013.3506163226959
Roscommon,MT DILLON,2015,9.136966469784408,6.353585628723751,9.923971527461047,1013.8712809732516
Cork,MOORE PARK,2015,10.051438358438851,6.936232877572038,10.323333336936829,1015.5288810973842
Mayo,NEWPORT,2015,9.799063928430416,6.996700916862005,10.32127854067441,1013.2064264515219
Donegal,FINNER,2015,9.54352739751509,6.321815069488433,9.866609590238632,1012.7610158702554
Tipperary,GURTEEN,2015,9.419041097618333,6.574668951974714,10.068127853848619,1014.6001143433732
Meath,DUNSANY,2015,9.222465753904013,6.4348515989165325,9.991324203580481,1014.4001602521225
Cork,CORK AIRPORT,2015,9.73216894659975,7.684977168867101,10.854315064650148,1015.8477173687661
Mayo,KNOCK AIRPORT,2015,8.23095891001511,6.123025110771361,9.743687214916699,1013.7652969569376
Wexford,JOHNSTOWNII,2015,10.064018261939559,7.370468040189991,10.64150684848768,1015.5978655462395
Dublin,DUBLIN AIRPORT,2015,9.500057082249013,6.401700911066201,9.945022835279708,1014.625604826348
Dublin,CASEMENT,2016,9.863695358987288,7.110610203794585,10.589367038945248,1014.3501365119643
Mayo,CLAREMORRIS,2016,9.471038248219472,6.965778694484715,10.439708564559401,1013.6349156558622
Galway,ATHENRY,2016,9.77422586421674,7.0208333340118925,10.483128419502185,1013.977902730306
Cavan,BALLYHAISE,2016,9.489367035057274,6.799089255512018,10.36798724917549,1013.447218590964
Mayo,BELMULLET,2016,10.453802370546022,7.257855194463871,10.591609751537632,1013.027584235742
Cork,SherkinIsland,2016,11.05527094718347,8.101821494121648,11.182593356553323,1015.132650170387
Carlow,OAK PARK,2016,10.02871129777408,7.444774591228255,10.833515488384851,1014.7919057557709
Dublin,PHOENIX PARK,2016,10.297096999020287,7.475739986196378,10.839845175625848,1014.3845631333648
Kerry,VALENTIA OBSERVATORY,2016,11.12916666942433,7.680418950823629,10.935963120888275,1014.8303162065795
Cork,ROCHES POINT,2016,10.780202642232451,8.06433288240466,11.202550103972735,1014.9114752666981
Clare,SHANNON AIRPORT,2016,10.555475865659526,7.402185797569205,10.721379783364158,1014.6178277576773
Mayo,NEWPORT,2016,10.296140711139616,7.474043717364423,10.760974503497174,1013.3392873044874
Sligo,MARKREE,2016,9.4220286926275,6.976127049021375,10.500500917706116,1013.4563180266833
Westmeath,MULLINGAR,2016,9.334426232856208,6.698941263421108,10.289549187992874,1014.143670295757
Galway,MACE HEAD,2016,10.781261383981626,7.878665760045834,11.044239533349247,1013.393282892057
Roscommon,MT DILLON,2016,9.549556015647154,6.9752504550063055,10.48768214856992,1013.7729733159633
Cork,MOORE PARK,2016,10.141530058819983,6.9561247724780175,10.461498179559499,1014.9273111451084
Donegal,MALIN HEAD,2016,10.049692625283367,6.890482698479847,10.314788259823683,1012.6010812227843
Donegal,FINNER,2016,10.02048041748531,6.699965849635827,10.22134563386549,1013.010325669808
Cork,CORK AIRPORT,2016,9.838752274974869,7.5521857937278805,10.846379779998506,1015.200330438944
Tipperary,GURTEEN,2016,9.642770950373716,7.014071039383881,10.471778243345858,1014.3452072352009
Wexford,JOHNSTOWNII,2016,10.328710996551788,7.58387163475848,10.918864486864573,1014.9169675066172
Dublin,DUBLIN AIRPORT,2016,9.828278687187149,6.501901185146799,10.119045996872236,1014.3887296165925
Mayo,KNOCK AIRPORT,2016,8.744387530925291,6.613547359679729,10.165346088142343,1013.8498403622153
Meath,DUNSANY,2016,9.566359292230619,7.217099274706285,10.679212203877002,1014.1337427649993
Dublin,CASEMENT,2017,10.179166665494646,7.265764845112449,10.586997721265984,1014.5650456537395
Galway,ATHENRY,2017,10.03163242093181,7.452636989934974,10.709235163965182,1014.337716793252
Mayo,CLAREMORRIS,2017,9.764665646290569,7.332798900009562,10.601200361175625,1013.9338263873096
Cavan,BALLYHAISE,2017,9.749075345076688,7.117305937880591,10.47670091771644,1013.6157763616135
Mayo,BELMULLET,2017,10.627568497388841,7.5559474912808025,10.731495438536552,1013.3090176517017
Dublin,PHOENIX PARK,2017,10.567408682183963,7.311563930093188,10.626689501712312,1014.6242008365997
Cork,SherkinIsland,2017,11.275479455394288,8.352030416484498,11.437281962834536,1015.915054753273
Cork,ROCHES POINT,2017,10.948732876787854,8.347488587364962,11.340947493352846,1015.57796789718
Clare,SHANNON AIRPORT,2017,10.851426937847853,8.005022831340257,11.097020548119392,1015.0558448547642
Kerry,VALENTIA OBSERVATORY,2017,11.313458907631434,8.359817352427433,11.375639275573704,1015.5109589110771
Carlow,OAK PARK,2017,10.473843497214796,7.762096341896683,10.972221762731195,1015.1121545033913
Cork,MOORE PARK,2017,10.579954332296978,7.38868721834975,10.681883566945656,1015.4797942906209
Roscommon,MT DILLON,2017,9.826449766499946,7.331826485072573,10.638687220229405,1014.0288819334822
Mayo,NEWPORT,2017,10.508595893692787,7.825947490583714,10.95163242550201,1013.641860745922
Westmeath,MULLINGAR,2017,9.66042237811675,7.0648401883783745,10.451563929368373,1014.4332648708396
Donegal,MALIN HEAD,2017,10.287579911205594,7.1124086766099754,10.423390413419297,1012.4663127881752
Sligo,MARKREE,2017,9.866256675054425,7.347297840021108,10.640239562727,1013.5373466944586
Galway,MACE HEAD,2017,10.904132422136321,8.115913243165673,11.148961186082396,1013.8554336896226
Donegal,FINNER,2017,10.303698630278854,6.831187214736389,10.24384703173485,1013.1046461410174
Tipperary,GURTEEN,2017,10.034269404152758,7.408059365515806,10.66543379820645,1014.7174312434785
Mayo,KNOCK AIRPORT,2017,8.972465760254867,6.9227283116481075,10.307956618751021,1014.0870888487933
Cork,CORK AIRPORT,2017,10.227191787434222,7.995616440590658,11.115525113719784,1015.7781163533529
Dublin,DUBLIN AIRPORT,2017,10.07485159748153,7.030513703884327,10.413904107596776,1014.6099884381578
Wexford,JOHNSTOWNII,2017,10.517271692515882,8.039783104626487,11.16835617044745,1015.4044178932224
Meath,DUNSANY,2017,9.897728313883281,7.493504574292735,10.751175798890797,1014.3118718743868
Cavan,BALLYHAISE,2018,9.578447492588227,6.7888584502815315,10.359041094371717,1012.1475795101358
Galway,ATHENRY,2018,9.911438355975058,7.013299087207067,10.497659821651842,1012.4330933592635
Dublin,CASEMENT,2018,10.16377854168279,6.777020552351254,10.333025116436014,1013.0278997133856
Mayo,BELMULLET,2018,10.196141555379718,7.258767127844433,10.623013704334765,1011.3874425740003
Mayo,CLAREMORRIS,2018,9.503595895644226,6.885639273212823,10.416187219832041,1012.1278880985905
Kerry,VALENTIA OBSERVATORY,2018,11.05237443266547,7.815901830751602,11.062328769518361,1013.050034405434
Dublin,PHOENIX PARK,2018,10.449931509940797,6.377043378775829,10.031335622099437,1013.1142348964464
Clare,SHANNON AIRPORT,2018,10.718356165362174,7.253310504801504,10.628242011238996,1012.976198602267
Cork,SherkinIsland,2018,11.191495438171849,8.379646121966546,11.423984022581415,1013.4916895409153
Cork,ROCHES POINT,2018,10.87482877582924,7.922739730599298,11.107819641126346,1013.4085615602258
Carlow,OAK PARK,2018,10.445216898726445,7.042728312271881,10.513264850476016,1013.4144751074107
Westmeath,MULLINGAR,2018,9.624531969971546,6.5893378994176715,10.206894979683776,1012.8017466018189
Sligo,MARKREE,2018,9.449977170241375,6.669657539169742,10.289554794357247,1011.9508103949838
Cork,MOORE PARK,2018,10.49843607336861,7.026894983725801,10.507819634485463,1013.3259360396154
Galway,MACE HEAD,2018,10.581312788721837,7.511746576182612,10.790582198312837,1011.7744752579084
Donegal,MALIN HEAD,2018,9.812751147264963,6.637157536463889,10.161130141776447,1011.2731053809597
Mayo,NEWPORT,2018,10.171244301368827,7.238835618191624,10.653847034881105,1011.7385843146337
Roscommon,MT DILLON,2018,9.647956624879718,6.9165182678556265,10.457636993960158,1012.3171152750651
Tipperary,GURTEEN,2018,9.961324204636322,7.031586758988871,10.497785396363637,1012.836301153871
Wexford,JOHNSTOWNII,2018,10.455559367034159,7.5501826504662155,10.876723751466567,1013.6103769032378
Donegal,FINNER,2018,9.9533333395578,6.712899546229098,10.28747717343509,1011.5642580772644
Mayo,KNOCK AIRPORT,2018,8.688630146045051,6.588458908614639,10.19727168807156,1012.3444637072141
Meath,DUNSANY,2018,9.816622510211346,6.570965186146738,10.16799604065342,1012.77944760954
Cork,CORK AIRPORT,2018,10.101118720173154,7.611015984279924,10.901369859611608,1013.5739039172865
Dublin,DUBLIN AIRPORT,2018,9.95335616649694,6.52851598209374,10.149497718843696,1013.1347146717925
Cavan,BALLYHAISE,2019,9.557271683586922,6.8636643870202105,10.31743150426917,1011.2747143401402
Dublin,CASEMENT,2019,9.977910957030408,6.993744295801474,10.41848173887218,1012.1464728507822
Mayo,CLAREMORRIS,2019,9.695194059868076,7.229920092675002,10.552420094241835,1011.4406851711883
Mayo,BELMULLET,2019,10.643036531823682,7.577100459831558,10.769543383709372,1010.7992123468825
Galway,ATHENRY,2019,9.97956621227063,7.271324201356024,10.58597032849647,1011.7683902130824
Cork,SherkinIsland,2019,11.346392695918746,8.70789954854286,11.593675799729073,1013.1517688141566
Dublin,PHOENIX PARK,2019,10.35446346949905,6.915410961774624,10.340365299568873,1012.2244063007233
Carlow,OAK PARK,2019,10.18159817444016,7.142636986381319,10.493219184984355,1012.6308448617317
Clare,SHANNON AIRPORT,2019,10.692956624892817,7.50652968398121,10.72092465864469,1012.3951483251842
Kerry,VALENTIA OBSERVATORY,2019,11.329714619347051,8.028664387646876,11.123961192342245,1012.6460956590905
Cork,ROCHES POINT,2019,10.915365300814038,8.170787673505645,11.212408680785192,1012.8539494832356
Westmeath,MULLINGAR,2019,9.60053653121845,6.860057080441822,10.326849320979967,1011.999908914087
Donegal,MALIN HEAD,2019,10.316643834873592,7.102853883419305,10.453995441356206,1010.4022599660099
Sligo,MARKREE,2019,9.736940640100537,6.955490868201811,10.374520552158355,1011.2105367373114
Cork,MOORE PARK,2019,10.412305940492036,7.4240182649956585,10.690376713395663,1012.7707533744916
Mayo,KNOCK AIRPORT,2019,8.808082198880648,6.883458906667282,10.286221461263422,1011.6820550927289
Roscommon,MT DILLON,2019,9.719394980427984,7.197808220901752,10.560159818331401,1011.5877058055303
Galway,MACE HEAD,2019,10.898082193412465,7.940776259640921,11.024098181670114,1011.1880479159421
Mayo,NEWPORT,2019,10.442614156659268,7.626518267659326,10.810239726277791,1011.0979224009056
Meath,DUNSANY,2019,9.709783108584311,6.869520552016659,10.314383565998513,1011.925125721274
Cork,CORK AIRPORT,2019,10.027557086853575,7.600159824431181,10.818219177037069,1013.0854223172959
Tipperary,GURTEEN,2019,9.877533944338118,7.192906162642011,10.520660324183773,1012.1557697731611
Wexford,JOHNSTOWNII,2019,10.403333337314121,7.76803653365741,10.955502283137683,1012.8701141427097
Dublin,DUBLIN AIRPORT,2019,9.84519406252766,6.742933794696174,10.219497719148523,1012.2530021284269
Donegal,FINNER,2019,10.174543381357337,7.058070774366186,10.425616442667295,1010.8136190196694
Galway,ATHENRY,2020,8.105508365384289,4.55902987183831,8.676486717050583,1013.8676622160234
Dublin,CASEMENT,2020,7.981446975908987,4.184214853518023,8.444560151192938,1014.482406419674
Mayo,BELMULLET,2020,8.669498495326756,4.993998354195193,8.932173199835265,1012.3472453290125
Cavan,BALLYHAISE,2020,7.554973966826165,3.9471362055646586,8.302932316912596,1013.1906001644286
Mayo,CLAREMORRIS,2020,7.7699369763259725,4.55190462894507,8.661003022234418,1013.3554397294475
Cork,SherkinIsland,2020,9.289065501793798,6.21636064894136,9.695916689530108,1015.5461496534527
Clare,SHANNON AIRPORT,2020,8.733844885794014,4.930693346591527,8.876568923227818,1014.6444232801634
Kerry,VALENTIA OBSERVATORY,2020,9.40649494550822,5.622143055313612,9.339106607319525,1014.8620718205651
Cork,ROCHES POINT,2020,8.689778022127108,5.641819676437928,9.342477396763524,1015.3986843837781
Carlow,OAK PARK,2020,8.228199513459098,4.392162237421523,8.573801048751333,1015.0214304653512
Dublin,PHOENIX PARK,2020,8.348204995606837,4.241627841354822,8.473006310414602,1014.5720745242436
Donegal,MALIN HEAD,2020,7.937544538570319,4.5690600160018295,8.643875042880584,1011.644614999802
Sligo,MARKREE,2020,7.793532478314012,4.163359825604254,8.43776377837081,1013.0263086278721
Galway,MACE HEAD,2020,8.947136209007157,5.427624010588901,9.178048777691336,1013.0912309156832
Roscommon,MT DILLON,2020,7.807015617711637,4.646314056060859,8.732447245768503,1013.6331321609676
Cork,MOORE PARK,2020,8.261688131597081,5.0725678278178705,9.015346671235369,1015.2622366372315
Mayo,KNOCK AIRPORT,2020,6.843272127586788,4.550753631563457,8.689065503303107,1013.4889839488077
Westmeath,MULLINGAR,2020,7.65050699529982,4.156234588042191,8.432255415042219,1014.1962450716914
Mayo,NEWPORT,2020,8.48999725817556,5.062893942080154,8.96401754148237,1012.8663189575162
Meath,DUNSANY,2020,7.674732805605162,4.041792272992593,8.35749520638702,1014.196382513697
Cork,CORK AIRPORT,2020,7.819539609194929,4.957495208148696,8.939216225138754,1015.5591118881297
Tipperary,GURTEEN,2020,7.996793642960679,4.466812823134176,8.60989311813622,1014.3873390036761
Wexford,JOHNSTOWNII,2020,8.244012060535628,4.908796930717798,8.881419571499917,1015.5336246506159
Donegal,FINNER,2020,8.197862425726647,4.331707320942001,8.511290773688097,1012.4679634343046
Dublin,DUBLIN AIRPORT,2020,7.731625105122911,4.008714713503331,8.336640179336937,1014.6145793802937
